{
    "loss": 0.009693353436887264,
    "accuracy": 0.9901960492134094
}